epoch,train_loss,validation_loss,is_best
1,3.054008134126663,2.8909438014030457,True
2,2.5792457325458527,2.9668075108528136,False
3,2.097781778693199,3.1561949902772906,False
