epoch,train_loss,validation_loss,is_best
1,3.4292862117290497,3.13783061504364,True
