epoch,train_loss,validation_loss,is_best
1,3.2928616958618164,3.161036943435669,True
2,2.9265883960723875,3.106716823577881,True
3,2.7341298498153686,3.0987505264282227,True
4,2.5805847881317137,3.129976173400879,False
5,2.444565331077576,3.165976390838623,False
